{
    "model": "",
    "ngpus": [
        4
    ],
    "bs": [
        128
    ],
    "metric_keys": [
        "val.ips",
        "val.latency_avg",
        "val.latency_50",
        "val.latency_90",
        "val.latency_95",
        "val.latency_99",
        "val.latency_100"
    ],
    "metrics": {
        "4": {
            "128": {
                "val.ips": 1146.645702837062,
                "val.latency_avg": 0.4465197913646698,
                "val.latency_50": 0.4437277913093567,
                "val.latency_90": 0.5019077658653259,
                "val.latency_95": 0.5201878845691679,
                "val.latency_99": 0.5683798027038574,
                "val.latency_100": 0.6165655851364136
            }
        }
    }
}