{
    "model": "",
    "ngpus": [
        4
    ],
    "bs": [
        128
    ],
    "metric_keys": [
        "val.ips",
        "val.latency_avg",
        "val.latency_50",
        "val.latency_90",
        "val.latency_95",
        "val.latency_99",
        "val.latency_100"
    ],
    "metrics": {
        "4": {
            "128": {
                "val.ips": 1190.2972547673003,
                "val.latency_avg": 0.4301446533203125,
                "val.latency_50": 0.4255322813987732,
                "val.latency_90": 0.4830539345741272,
                "val.latency_95": 0.5016003549098969,
                "val.latency_99": 0.5575607538223266,
                "val.latency_100": 0.6059175729751587
            }
        }
    }
}